[
  {
    "8": [
      "tehran_ir"
    ],
    "9": [
      "tashkent_uz"
    ],
    "10": [
      null
    ],
    "11": [
      "phnom-penh_kh"
    ],
    "12": [
      "naypyidaw_mm"
    ],
    "13": [
      "muscat_om"
    ],
    "14": [
      "manila_ph"
    ],
    "15": [
      "male_mv"
    ],
    "16": [
      "lhasa_cn"
    ],
    "17": [
      "kuwait-city_kw"
    ],
    "18": [
      "kathmandu_np"
    ],
    "20": [
      "islamabad_pk"
    ],
    "21": [
      "dushanbe_tj"
    ],
    "22": [
      "doha_qa"
    ],
    "23": [
      "dhaka_bd"
    ],
    "24": [
      "colombo_lk"
    ],
    "25": [
      "bishkek_kg"
    ],
    "26": [
      "beirut_lb"
    ],
    "27": [
      "bandar-seri-begawan_bn"
    ],
    "28": [
      "baghdad_iq"
    ],
    "29": [
      "astana_kz"
    ],
    "30": [
      "ashgabat_tm"
    ],
    "31": [
      "amman_jo"
    ],
    "32": [
      "bahrain-island_bh"
    ],
    "33": [
      "tbilisi_ge"
    ],
    "34": [
      "baku_az"
    ],
    "35": [
      "yerevan_am"
    ],
    "36": [
      "honolulu_hi_us"
    ],
    "37": [
      "san-francisco_ca_us"
    ],
    "38": [
      "orlando_fl_us"
    ],
    "39": [
      "las-vegas_nv_us"
    ],
    "40": [
      "los-angeles_ca_us"
    ],
    "41": [
      "miami_fl_us"
    ],
    "42": [
      "new-york-city_ny_us"
    ],
    "43": [
      "johannesburg_za"
    ],
    "44": [
      "dammam_sa"
    ],
    "45": [
      "riyadh_sa"
    ],
    "48": [
      "fukuoka_jp"
    ],
    "50": [
      "kyoto_jp"
    ],
    "51": [
      "osaka_jp"
    ],
    "52": [
      null
    ],
    "53": [
      "batam_id"
    ],
    "55": [
      "kolkata_in"
    ],
    "56": [
      "jaipur_in"
    ],
    "57": [
      "chennai_in"
    ],
    "58": [
      "hurghada_eg"
    ],
    "59": [
      "beijing_cn"
    ],
    "60": [
      "zhuhai_cn"
    ],
    "61": [
      "guilin_cn"
    ],
    "62": [
      "vancouver_bc_ca"
    ],
    "63": [
      "toronto_on_ca"
    ],
    "64": [
      "rio-de-janeiro_rj_br"
    ],
    "65": [
      "buenos-aires_ba_ar"
    ],
    "66": [
      "bengaluru_in"
    ],
    "67": [
      "krabi_th"
    ],
    "68": [
      "jeju-city_kr"
    ],
    "69": [
      "abu-dhabi_ae"
    ],
    "70": [
      "auckland_nz"
    ],
    "71": [
      "cebu_ph"
    ],
    "72": [
      "sydney_ns_ca",
      "sydney_ns_au"
    ],
    "73": [
      "melbourne_fl_us"
    ],
    "74": [
      "marrakesh_ma"
    ],
    "75": [
      "penang_my"
    ],
    "76": [
      "jakarta_id"
    ],
    "77": [
      "hanoi_vn"
    ],
    "78": [
      "cairo_eg"
    ],
    "79": [
      "johor-bahru_my"
    ],
    "80": [
      "denpasar_id"
    ],
    "81": [
      "ho-chi-minh-city_vn"
    ],
    "82": [
      "shanghai_cn"
    ],
    "83": [
      "seoul_kr"
    ],
    "84": [
      "medina_sa"
    ],
    "85": [
      "guangzhou_cn"
    ],
    "86": [
      null
    ],
    "87": [
      "taipei_tw"
    ],
    "88": [
      "pattaya_th"
    ],
    "89": [
      "tokyo_jp"
    ],
    "90": [
      "phuket-city_th"
    ],
    "91": [
      "mumbai_in"
    ],
    "92": [
      "shenzhen_cn"
    ],
    "93": [
      "new-delhi_in"
    ],
    "94": [
      "kuala-lumpur_my"
    ],
    "95": [
      "dubai_ae"
    ],
    "96": [
      "singapore_sg"
    ],
    "97": [
      "macau_mo"
    ],
    "98": [
      "bangkok_th"
    ],
    "99": [
      "hong-kong_hk"
    ],
    "100": [
      "antwerp_be"
    ],
    "101": [
      "aberdeen_gb"
    ],
    "102": [
      null
    ],
    "103": [
      "alexandroupoli_gr"
    ],
    "104": [
      "athens_gr"
    ],
    "105": [
      "alicante_es"
    ],
    "106": [
      "almeria_es"
    ],
    "107": [
      "aalborg_dk"
    ],
    "108": [
      "aarhus_dk"
    ],
    "109": [
      "ancona_it"
    ],
    "111": [
      "amsterdam_nl"
    ],
    "112": [
      "alanya_tr"
    ],
    "113": [
      "ankara_tr"
    ],
    "114": [
      "antalya_tr"
    ],
    "115": [
      null
    ],
    "116": [
      "brussels_be"
    ],
    "117": [
      "burgas_bg"
    ],
    "118": [
      "banja-luka_ba"
    ],
    "119": [
      "belfast_gb"
    ],
    "120": [
      "birmingham_gb"
    ],
    "121": [
      "bournemouth_gb"
    ],
    "122": [
      "bristol_gb"
    ],
    "123": [
      "budapest_hu"
    ],
    "124": [
      "berlin_de"
    ],
    "126": [
      "bremen_de"
    ],
    "127": [
      "billund_dk"
    ],
    "128": [
      "barcelona_es"
    ],
    "129": [
      "bilbao_es"
    ],
    "130": [
      "bologna_it"
    ],
    "131": [
      "bergen_no"
    ],
    "132": [
      "bodo_no"
    ],
    "134": [
      "bucharest_ro"
    ],
    "135": [
      "belgrade_rs"
    ],
    "136": [
      "bratislava_sk"
    ],
    "137": [
      "bordeaux_fr"
    ],
    "139": [
      "brno_cz"
    ],
    "140": [
      "basel_ch"
    ],
    "141": [
      "bern_ch"
    ],
    "142": [
      "cardiff_gb"
    ],
    "145": [
      "cologne_de"
    ],
    "146": [
      "corfu_gr"
    ],
    "147": [
      "copenhagen_dk"
    ],
    "150": [
      "cork_ie"
    ],
    "151": [
      "cagliari_it"
    ],
    "152": [
      "catania_it"
    ],
    "153": [
      "cluj-napoca_ro"
    ],
    "154": [
      "clermont-ferrand_fr"
    ],
    "155": [
      "chambery_fr"
    ],
    "156": [
      "cherbourg-en-cotentin_fr"
    ],
    "158": [
      "doncaster_gb"
    ],
    "159": [
      "dortmund_de"
    ],
    "160": [
      "dresden_de"
    ],
    "161": [
      "dusseldorf_de"
    ],
    "162": [
      "dublin_ie"
    ],
    "163": [
      "dalaman_tr"
    ],
    "164": [
      "dubrovnik_hr"
    ],
    "165": [
      null
    ],
    "166": [
      "edinburgh_gb"
    ],
    "167": [
      "exeter_gb"
    ],
    "169": [
      "esbjerg_dk"
    ],
    "171": [
      "eilat_il"
    ],
    "172": [
      "eindhoven_nl"
    ],
    "174": [
      "frankfurt_de"
    ],
    "175": [
      "friedrichshafen_de"
    ],
    "176": [
      "fuerteventura_es"
    ],
    "177": [
      "florence_it"
    ],
    "178": [
      "floro_no"
    ],
    "179": [
      "faro_pt"
    ],
    "180": [
      "funchal_pt"
    ],
    "181": [
      "graz_at"
    ],
    "183": [
      null
    ],
    "184": [
      "glasgow_gb"
    ],
    "186": [
      "granada_es"
    ],
    "187": [
      "girona_es"
    ],
    "189": [
      "genoa_it"
    ],
    "190": [
      "groningen_nl"
    ],
    "191": [
      "gdansk_pl"
    ],
    "192": [
      "geneva_ch"
    ],
    "193": [
      "gothenburg_se"
    ],
    "194": [
      "humberside_gb"
    ],
    "196": [
      "hamburg_de"
    ],
    "197": [
      "hanover_de"
    ],
    "200": [
      "heraklion_gr"
    ],
    "201": [
      "helsinki_fi"
    ],
    "202": [
      "innsbruck_at"
    ],
    "203": [
      "inverness_gb"
    ],
    "204": [
      "debrecen_hu"
    ],
    "205": [
      "ibiza_es"
    ],
    "206": [
      "izmir_tr"
    ],
    "207": [
      "istanbul_tr"
    ],
    "208": [
      "jonkoping_se"
    ],
    "209": [
      "klagenfurt_at"
    ],
    "210": [
      "karlsruhe_de"
    ],
    "211": [
      "kortrijk_be"
    ],
    "212": [
      "kaunas_lt"
    ],
    "213": [
      "katowice_pl"
    ],
    "214": [
      "krakow_pl"
    ],
    "215": [
      "kosice_sk"
    ],
    "216": [
      "karlovy-vary_cz"
    ],
    "217": [
      "karlstad_se"
    ],
    "218": [
      null
    ],
    "219": [
      "linz_at"
    ],
    "220": [
      "liege_be"
    ],
    "222": [
      "liverpool_gb"
    ],
    "224": [
      "leeds_gb"
    ],
    "225": [
      "london_gb"
    ],
    "227": [
      "lanzarote_es"
    ],
    "228": [
      "las-palmas_es"
    ],
    "230": [
      "lamezia-terme_it"
    ],
    "231": [
      "larnaca_cy"
    ],
    "232": [
      null
    ],
    "233": [
      "luxembourg-city_lu"
    ],
    "235": [
      "lisbon_pt"
    ],
    "236": [
      "ljubljana_si"
    ],
    "237": [
      "lappeenranta_fi"
    ],
    "239": [
      "lille_fr"
    ],
    "240": [
      "lyon_fr"
    ],
    "241": [
      "lugano_ch"
    ],
    "242": [
      "lulea_se"
    ],
    "243": [
      "manchester_gb"
    ],
    "244": [
      "mannheim_de"
    ],
    "245": [
      "memmingen_de"
    ],
    "246": [
      "munster_de"
    ],
    "247": [
      "munich_de"
    ],
    "248": [
      "madrid_es"
    ],
    "249": [
      "malaga_es"
    ],
    "250": [
      null
    ],
    "251": [
      "murcia_es"
    ],
    "252": [
      "milan_it"
    ],
    "253": [
      "malta_mt"
    ],
    "255": [
      "maastricht_nl"
    ],
    "257": [
      null
    ],
    "259": [
      "marseille_fr"
    ],
    "260": [
      "metz_fr"
    ],
    "261": [
      "montpellier_fr"
    ],
    "262": [
      "malmo_se"
    ],
    "263": [
      "norwich_gb"
    ],
    "264": [
      "newcastle-upon-tyne_gb"
    ],
    "265": [
      "newquay_gb"
    ],
    "266": [
      "nuremberg_de"
    ],
    "267": [
      "naples_it"
    ],
    "268": [
      "constanta_ro"
    ],
    "269": [
      "nantes_fr"
    ],
    "270": [
      "nice_fr"
    ],
    "271": [
      "norrkoping_se"
    ],
    "272": [
      "ostend_be"
    ],
    "273": [
      "alderney_gg"
    ],
    "274": [
      null
    ],
    "275": [
      "olbia_it"
    ],
    "276": [
      "ohrid_mk"
    ],
    "277": [
      "oslo_no"
    ],
    "279": [
      "ostrava_cz"
    ],
    "280": [
      "plovdiv_bg"
    ],
    "281": [
      "plymouth_gb"
    ],
    "282": [
      "paderborn_de"
    ],
    "283": [
      "rostock_de"
    ],
    "284": [
      "palma_es"
    ],
    "285": [
      "palermo_it"
    ],
    "286": [
      "pescara_it"
    ],
    "287": [
      "pisa_it"
    ],
    "288": [
      "paphos_cy"
    ],
    "289": [
      "palanga_lt"
    ],
    "290": [
      "ponta-delgada_pt"
    ],
    "291": [
      "porto_pt"
    ],
    "292": [
      "poprad_sk"
    ],
    "293": [
      "paris_fr"
    ],
    "294": [
      "pula_hr"
    ],
    "295": [
      "podgorica_me"
    ],
    "296": [
      "pardubice_cz"
    ],
    "297": [
      "prague_cz"
    ],
    "299": [
      "rhodes_gr"
    ],
    "300": [
      "reykjavik_is"
    ],
    "301": [
      "reus_es"
    ],
    "302": [
      "rijeka_hr"
    ],
    "303": [
      "rome_it"
    ],
    "304": [
      "rimini_it"
    ],
    "305": [
      "riga_lv"
    ],
    "306": [
      "rotterdam_nl"
    ],
    "307": [
      "ronneby_se"
    ],
    "308": [
      "salzburg_at"
    ],
    "309": [
      "sofia_bg"
    ],
    "310": [
      "sarajevo_ba"
    ],
    "311": [
      "southampton_gb"
    ],
    "312": [
      "swansea_gb"
    ],
    "314": [
      "poznan_pl"
    ],
    "315": [
      "saarbrucken_de"
    ],
    "316": [
      "stuttgart_de"
    ],
    "317": [
      null
    ],
    "318": [
      "shannon_ie"
    ],
    "319": [
      "salamanca_es"
    ],
    "320": [
      "santiago-de-compostela_es"
    ],
    "321": [
      "seville_es"
    ],
    "323": [
      "skopje_mk"
    ],
    "325": [
      "stavanger_no"
    ],
    "326": [
      "strasbourg_fr"
    ],
    "327": [
      "split_hr"
    ],
    "329": [
      "stockholm_se"
    ],
    "330": [
      "tirana_al"
    ],
    "331": [
      "thessaloniki_gr"
    ],
    "332": [
      "tenerife_es"
    ],
    "334": [
      "trieste_it"
    ],
    "335": [
      "turin_it"
    ],
    "336": [
      "tel-aviv_il"
    ],
    "337": [
      "terceira-island_pt"
    ],
    "338": [
      "timisoara_ro"
    ],
    "339": [
      "trabzon_tr"
    ],
    "340": [
      "tampere_fi"
    ],
    "341": [
      "turku_fi"
    ],
    "342": [
      "toulouse_fr"
    ],
    "343": [
      "tivat_me"
    ],
    "345": [
      "tallinn_ee"
    ],
    "346": [
      null
    ],
    "347": [
      "umea_se"
    ],
    "348": [
      "vienna_at"
    ],
    "349": [
      "varna_bg"
    ],
    "351": [
      "valencia_es"
    ],
    "352": [
      "valladolid_es"
    ],
    "353": [
      "venice_it"
    ],
    "354": [
      "verona_it"
    ],
    "356": [
      "vilnius_lt"
    ],
    "357": [
      "iasi_ro"
    ],
    "358": [
      "vaxjo_se"
    ],
    "359": [
      "visby_se"
    ],
    "362": [
      "westerland_de"
    ],
    "364": [
      "warsaw_pl"
    ],
    "365": [
      "wroclaw_pl"
    ],
    "366": [
      null
    ],
    "367": [
      "zaragoza_es"
    ],
    "368": [
      "zagreb_hr"
    ],
    "369": [
      "zadar_hr"
    ],
    "370": [
      "zurich_ch"
    ],
    "371": [
      "chisinau_md"
    ],
    "546": [
      "pristina_xk"
    ],
    "547": [
      null
    ],
    "548": [
      "ulaanbaatar_mn"
    ],
    "550": [
      "agartala_in"
    ],
    "551": [
      "agra_in"
    ],
    "552": [
      "ahmedabad_in"
    ],
    "553": [
      "aizawl_in"
    ],
    "554": [
      "allahabad_in"
    ],
    "626": [
      "thiruvananthapuram_in"
    ],
    "663": [
      "chicago_il_us"
    ]
  }
]
