{
  "8": {
    "name": "Tehran",
    "latitude": 35.689300537109375,
    "longitude": 51.38959884643555,
    "country_name": "Iran"
  },
  "9": {
    "name": "Tashkent",
    "latitude": 41.31230163574219,
    "longitude": 69.27870178222656,
    "country_name": "Uzbekistan"
  },
  "10": {
    "name": "Sanaa",
    "latitude": 15.353899955749512,
    "longitude": 44.20589828491211,
    "country_name": "Yemen"
  },
  "11": {
    "name": "Phnom Penh",
    "latitude": 11.568300247192383,
    "longitude": 104.92240142822266,
    "country_name": "Cambodia"
  },
  "13": {
    "name": "Muscat",
    "latitude": 23.588199615478516,
    "longitude": 58.38290023803711,
    "country_name": "Oman"
  },
  "14": {
    "name": "Manila",
    "latitude": 14.594900131225586,
    "longitude": 120.97830200195312,
    "country_name": "Philippines"
  },
  "15": {
    "name": "Male",
    "latitude": 4.177999973297119,
    "longitude": 73.51069641113281,
    "country_name": "Maldives"
  },
  "16": {
    "name": "Lhasa",
    "latitude": 29.655399322509766,
    "longitude": 91.17050170898438,
    "country_name": "China"
  },
  "17": {
    "name": "Kuwait City",
    "latitude": 29.37969970703125,
    "longitude": 47.9734001159668,
    "country_name": "Kuwait"
  },
  "18": {
    "name": "Kathmandu",
    "latitude": 27.70829963684082,
    "longitude": 85.32060241699219,
    "country_name": "Nepal"
  },
  "20": {
    "name": "Islamabad",
    "latitude": 33.69380187988281,
    "longitude": 73.06520080566406,
    "country_name": "Pakistan"
  },
  "21": {
    "name": "Dushanbe",
    "latitude": 38.58570098876953,
    "longitude": 68.7603988647461,
    "country_name": "Tajikistan"
  },
  "22": {
    "name": "Doha",
    "latitude": 25.285600662231445,
    "longitude": 51.52640151977539,
    "country_name": "Qatar"
  },
  "23": {
    "name": "Dhaka",
    "latitude": 23.764400482177734,
    "longitude": 90.38899993896484,
    "country_name": "Bangladesh"
  },
  "24": {
    "name": "Colombo",
    "latitude": 6.938700199127197,
    "longitude": 79.8541030883789,
    "country_name": "Sri Lanka"
  },
  "25": {
    "name": "Bishkek",
    "latitude": 42.87779998779297,
    "longitude": 74.60669708251953,
    "country_name": "Kyrgyzstan"
  },
  "26": {
    "name": "Beirut",
    "latitude": 33.889198303222656,
    "longitude": 35.502601623535156,
    "country_name": "Lebanon"
  },
  "27": {
    "name": "Bandar Seri Begawan",
    "latitude": 4.889500141143799,
    "longitude": 114.94180297851562,
    "country_name": "Brunei"
  },
  "28": {
    "name": "Baghdad",
    "latitude": 33.30619812011719,
    "longitude": 44.38719940185547,
    "country_name": "Iraq"
  },
  "29": {
    "name": "Astana",
    "latitude": 51.12820053100586,
    "longitude": 71.43070220947266,
    "country_name": "Kazakhstan"
  },
  "30": {
    "name": "Ashgabat",
    "latitude": 37.94049835205078,
    "longitude": 58.382301330566406,
    "country_name": "Turkmenistan"
  },
  "31": {
    "name": "Amman",
    "latitude": 31.95159912109375,
    "longitude": 35.92399978637695,
    "country_name": "Jordan"
  },
  "32": {
    "name": "Manama",
    "latitude": 26.223499298095703,
    "longitude": 50.58219909667969,
    "country_name": "Bahrain"
  },
  "33": {
    "name": "Tbilisi",
    "latitude": 41.69350051879883,
    "longitude": 44.80139923095703,
    "country_name": "Georgia"
  },
  "34": {
    "name": "Baku",
    "latitude": 40.3755989074707,
    "longitude": 49.832801818847656,
    "country_name": "Azerbaijan"
  },
  "35": {
    "name": "Yerevan",
    "latitude": 40.17770004272461,
    "longitude": 44.51259994506836,
    "country_name": "Armenia"
  },
  "36": {
    "name": "Honolulu",
    "latitude": 21.304500579833984,
    "longitude": -157.85569763183594,
    "country_name": "USA"
  },
  "37": {
    "name": "San Francisco",
    "latitude": 37.77899932861328,
    "longitude": -122.4198989868164,
    "country_name": "USA"
  },
  "38": {
    "name": "Orlando",
    "latitude": 28.54210090637207,
    "longitude": -81.37899780273438,
    "country_name": "USA"
  },
  "39": {
    "name": "Las Vegas",
    "latitude": 36.167301177978516,
    "longitude": -115.14849853515625,
    "country_name": "USA"
  },
  "40": {
    "name": "Los Angeles",
    "latitude": 34.0536994934082,
    "longitude": -118.2427978515625,
    "country_name": "USA"
  },
  "41": {
    "name": "Miami",
    "latitude": 25.774200439453125,
    "longitude": -80.193603515625,
    "country_name": "USA"
  },
  "42": {
    "name": "New York",
    "latitude": 40.71269989013672,
    "longitude": -74.00599670410156,
    "country_name": "USA"
  },
  "43": {
    "name": "Johannesburg",
    "latitude": -26.204999923706055,
    "longitude": 28.049699783325195,
    "country_name": "South Africa"
  },
  "44": {
    "name": "Dammam",
    "latitude": 26.436800003051758,
    "longitude": 50.104000091552734,
    "country_name": "Saudi Arabia"
  },
  "45": {
    "name": "Riyadh",
    "latitude": 24.638900756835938,
    "longitude": 46.715999603271484,
    "country_name": "Saudi Arabia"
  },
  "48": {
    "name": "Fukuoka",
    "latitude": 33.625099182128906,
    "longitude": 130.6179962158203,
    "country_name": "Japan"
  },
  "50": {
    "name": "Kyoto",
    "latitude": 35.020999908447266,
    "longitude": 135.75559997558594,
    "country_name": "Japan"
  },
  "51": {
    "name": "Osaka",
    "latitude": 34.661598205566406,
    "longitude": 135.49989318847656,
    "country_name": "Japan"
  },
  "52": {
    "name": "Jerusalem",
    "latitude": 31.778799057006836,
    "longitude": 35.225799560546875,
    "country_name": "Israel"
  },
  "53": {
    "name": "Batam",
    "latitude": 1.1030999422073364,
    "longitude": 104.03839874267578,
    "country_name": "Indonesia"
  },
  "55": {
    "name": "Kolkata",
    "latitude": 22.572599411010742,
    "longitude": 88.36389923095703,
    "country_name": "India"
  },
  "56": {
    "name": "Jaipur",
    "latitude": 26.91550064086914,
    "longitude": 75.81900024414062,
    "country_name": "India"
  },
  "57": {
    "name": "Chennai",
    "latitude": 13.083700180053711,
    "longitude": 80.27020263671875,
    "country_name": "India"
  },
  "58": {
    "name": "Hurghada",
    "latitude": 27.22260093688965,
    "longitude": 33.8306999206543,
    "country_name": "Egypt"
  },
  "59": {
    "name": "Beijing",
    "latitude": 39.90620040893555,
    "longitude": 116.39129638671875,
    "country_name": "China"
  },
  "60": {
    "name": "Zhuhai",
    "latitude": 22.273700714111328,
    "longitude": 113.57209777832031,
    "country_name": "China"
  },
  "61": {
    "name": "Guilin",
    "latitude": 25.23870086669922,
    "longitude": 110.17510223388672,
    "country_name": "China"
  },
  "62": {
    "name": "Vancouver",
    "latitude": 49.26089859008789,
    "longitude": -123.11399841308594,
    "country_name": "Canada"
  },
  "63": {
    "name": "Toronto",
    "latitude": 43.653499603271484,
    "longitude": -79.38390350341797,
    "country_name": "Canada"
  },
  "64": {
    "name": "Rio De Janeiro",
    "latitude": -22.910999298095703,
    "longitude": -43.20940017700195,
    "country_name": "Brazil"
  },
  "65": {
    "name": "Buenos Aires",
    "latitude": -34.607601165771484,
    "longitude": -58.43709945678711,
    "country_name": "Argentina"
  },
  "66": {
    "name": "Bangalore",
    "latitude": 12.976799964904785,
    "longitude": 77.59010314941406,
    "country_name": "India"
  },
  "67": {
    "name": "Krabi",
    "latitude": 8.111200332641602,
    "longitude": 99.10970306396484,
    "country_name": "Thailand"
  },
  "68": {
    "name": "Jeju",
    "latitude": 33.39400100708008,
    "longitude": 126.56269836425781,
    "country_name": "South Korea"
  },
  "69": {
    "name": "Abu Dhabi",
    "latitude": 24.453800201416016,
    "longitude": 54.37739944458008,
    "country_name": "United Arab Emirates"
  },
  "70": {
    "name": "Auckland",
    "latitude": -36.85210037231445,
    "longitude": 174.76319885253906,
    "country_name": "New Zealand"
  },
  "71": {
    "name": "Cebu",
    "latitude": 10.293100357055664,
    "longitude": 123.902099609375,
    "country_name": "Philippines"
  },
  "72": {
    "name": "Sydney",
    "latitude": -33.86980056762695,
    "longitude": 151.2082977294922,
    "country_name": "Australia"
  },
  "73": {
    "name": "Melbourne",
    "latitude": -37.81420135498047,
    "longitude": 144.96319580078125,
    "country_name": "Australia"
  },
  "74": {
    "name": "Marrakech",
    "latitude": 31.62579917907715,
    "longitude": -7.989200115203857,
    "country_name": "Morocco"
  },
  "75": {
    "name": "Penang Island",
    "latitude": 5.406499862670898,
    "longitude": 100.25589752197266,
    "country_name": "Malaysia"
  },
  "76": {
    "name": "Jakarta",
    "latitude": -6.1753997802734375,
    "longitude": 106.82720184326172,
    "country_name": "Indonesia"
  },
  "77": {
    "name": "Ha Noi",
    "latitude": 21.029399871826172,
    "longitude": 105.85440063476562,
    "country_name": "Vietnam"
  },
  "78": {
    "name": "Cairo",
    "latitude": 30.04439926147461,
    "longitude": 31.235700607299805,
    "country_name": "Egypt"
  },
  "79": {
    "name": "Johor Bahru",
    "latitude": 1.503600001335144,
    "longitude": 103.74960327148438,
    "country_name": "Malaysia"
  },
  "80": {
    "name": "Denpasar",
    "latitude": -8.65250015258789,
    "longitude": 115.21910095214844,
    "country_name": "Indonesia"
  },
  "81": {
    "name": "Ho Chi Minh",
    "latitude": 10.77649974822998,
    "longitude": 106.70189666748047,
    "country_name": "Vietnam"
  },
  "82": {
    "name": "Shanghai",
    "latitude": 31.2322998046875,
    "longitude": 121.46920013427734,
    "country_name": "China"
  },
  "83": {
    "name": "Seoul",
    "latitude": 37.56669998168945,
    "longitude": 126.97830200195312,
    "country_name": "South Korea"
  },
  "84": {
    "name": "Medina",
    "latitude": 24.471200942993164,
    "longitude": 39.61109924316406,
    "country_name": "Saudi Arabia"
  },
  "85": {
    "name": "Guangzhou",
    "latitude": 23.130199432373047,
    "longitude": 113.2593002319336,
    "country_name": "China"
  },
  "86": {
    "name": "Mecca",
    "latitude": 21.420799255371094,
    "longitude": 39.826900482177734,
    "country_name": "Saudi Arabia"
  },
  "87": {
    "name": "Taipei",
    "latitude": 25.037500381469727,
    "longitude": 121.5636978149414,
    "country_name": "Taiwan"
  },
  "88": {
    "name": "Pattaya",
    "latitude": 12.936699867248535,
    "longitude": 100.8864974975586,
    "country_name": "Thailand"
  },
  "89": {
    "name": "Tokyo",
    "latitude": 35.68130111694336,
    "longitude": 139.75770568847656,
    "country_name": "Japan"
  },
  "90": {
    "name": "Phuket",
    "latitude": 7.936600208282471,
    "longitude": 98.35289764404297,
    "country_name": "Thailand"
  },
  "91": {
    "name": "Mumbai",
    "latitude": 19.078500747680664,
    "longitude": 72.8781967163086,
    "country_name": "India"
  },
  "92": {
    "name": "Shenzhen",
    "latitude": 22.544599533081055,
    "longitude": 114.05449676513672,
    "country_name": "China"
  },
  "93": {
    "name": "Delhi",
    "latitude": 28.65169906616211,
    "longitude": 77.2219009399414,
    "country_name": "India"
  },
  "94": {
    "name": "Kuala Lumpur",
    "latitude": 3.151700019836426,
    "longitude": 101.69419860839844,
    "country_name": "Malaysia"
  },
  "95": {
    "name": "Dubai",
    "latitude": 25.07430076599121,
    "longitude": 55.188499450683594,
    "country_name": "United Arab Emirates"
  },
  "96": {
    "name": "Singapore",
    "latitude": 1.357100009918213,
    "longitude": 103.81950378417969,
    "country_name": "Singapore"
  },
  "97": {
    "name": "Macau",
    "latitude": 22.189899444580078,
    "longitude": 113.53800201416016,
    "country_name": "China"
  },
  "98": {
    "name": "Bangkok",
    "latitude": 13.7524995803833,
    "longitude": 100.49349975585938,
    "country_name": "Thailand"
  },
  "99": {
    "name": "Hong Kong",
    "latitude": 22.279300689697266,
    "longitude": 114.16280364990234,
    "country_name": "China"
  },
  "100": {
    "name": "Antwerp",
    "latitude": 51.221099853515625,
    "longitude": 4.399700164794922,
    "country_name": "Belgium"
  },
  "101": {
    "name": "Aberdeen",
    "latitude": 57.14820098876953,
    "longitude": -2.0927999019622803,
    "country_name": "United Kingdom"
  },
  "102": {
    "name": "Augsburg",
    "latitude": 48.366798400878906,
    "longitude": 10.898699760437012,
    "country_name": "Germany"
  },
  "103": {
    "name": "Alexandroupoli",
    "latitude": 40.845699310302734,
    "longitude": 25.877899169921875,
    "country_name": "Greece"
  },
  "104": {
    "name": "Athens",
    "latitude": 37.9838981628418,
    "longitude": 23.728300094604492,
    "country_name": "Greece"
  },
  "105": {
    "name": "Alicante",
    "latitude": 38.34360122680664,
    "longitude": -0.48820000886917114,
    "country_name": "Spain"
  },
  "106": {
    "name": "Almeria",
    "latitude": 36.841400146484375,
    "longitude": -2.4628000259399414,
    "country_name": "Spain"
  },
  "107": {
    "name": "Aalborg",
    "latitude": 57.04629898071289,
    "longitude": 9.921500205993652,
    "country_name": "Denmark"
  },
  "108": {
    "name": "Aarhus",
    "latitude": 56.149600982666016,
    "longitude": 10.213399887084961,
    "country_name": "Denmark"
  },
  "109": {
    "name": "Ancona",
    "latitude": 43.480098724365234,
    "longitude": 13.218799591064453,
    "country_name": "Italy"
  },
  "111": {
    "name": "Amsterdam",
    "latitude": 52.37310028076172,
    "longitude": 4.892499923706055,
    "country_name": "Netherlands"
  },
  "112": {
    "name": "Alanya",
    "latitude": 36.543701171875,
    "longitude": 32.00189971923828,
    "country_name": "Turkey"
  },
  "113": {
    "name": "Ankara",
    "latitude": 39.920799255371094,
    "longitude": 32.854000091552734,
    "country_name": "Turkey"
  },
  "114": {
    "name": "Antalya",
    "latitude": 36.887298583984375,
    "longitude": 30.707500457763672,
    "country_name": "Turkey"
  },
  "115": {
    "name": "Altenrhein",
    "latitude": 47.49039840698242,
    "longitude": 9.554100036621094,
    "country_name": "Switzerland"
  },
  "116": {
    "name": "Brussels",
    "latitude": 50.84659957885742,
    "longitude": 4.3516998291015625,
    "country_name": "Belgium"
  },
  "117": {
    "name": "Burgas",
    "latitude": 42.44459915161133,
    "longitude": 27.20829963684082,
    "country_name": "Bulgaria"
  },
  "118": {
    "name": "Banja Luka",
    "latitude": 44.772098541259766,
    "longitude": 17.19179916381836,
    "country_name": "Bosnia and Herzegovina"
  },
  "119": {
    "name": "Belfast",
    "latitude": 54.59640121459961,
    "longitude": -5.930200099945068,
    "country_name": "United Kingdom"
  },
  "120": {
    "name": "Birmingham",
    "latitude": 52.479698181152344,
    "longitude": -1.9026999473571777,
    "country_name": "United Kingdom"
  },
  "121": {
    "name": "Bournemouth",
    "latitude": 50.72010040283203,
    "longitude": -1.8798999786376953,
    "country_name": "United Kingdom"
  },
  "122": {
    "name": "Bristol",
    "latitude": 51.453800201416016,
    "longitude": -2.5973000526428223,
    "country_name": "United Kingdom"
  },
  "123": {
    "name": "Budapest",
    "latitude": 47.48139953613281,
    "longitude": 19.146099090576172,
    "country_name": "Hungary"
  },
  "124": {
    "name": "Berlin",
    "latitude": 52.516998291015625,
    "longitude": 13.388899803161621,
    "country_name": "Germany"
  },
  "126": {
    "name": "Bremen",
    "latitude": 53.075801849365234,
    "longitude": 8.80720043182373,
    "country_name": "Germany"
  },
  "127": {
    "name": "Billund",
    "latitude": 55.724700927734375,
    "longitude": 9.119600296020508,
    "country_name": "Denmark"
  },
  "128": {
    "name": "Barcelona",
    "latitude": 41.38290023803711,
    "longitude": 2.1774001121520996,
    "country_name": "Spain"
  },
  "129": {
    "name": "Bilbao",
    "latitude": 43.26300048828125,
    "longitude": -2.934999942779541,
    "country_name": "Spain"
  },
  "130": {
    "name": "Bologna",
    "latitude": 44.49380111694336,
    "longitude": 11.342599868774414,
    "country_name": "Italy"
  },
  "131": {
    "name": "Bergen",
    "latitude": 60.3942985534668,
    "longitude": 5.325900077819824,
    "country_name": "Norway"
  },
  "132": {
    "name": "Bodo",
    "latitude": 67.30950164794922,
    "longitude": 13.915399551391602,
    "country_name": "Norway"
  },
  "134": {
    "name": "Bucharest",
    "latitude": 44.436100006103516,
    "longitude": 26.102699279785156,
    "country_name": "Romania"
  },
  "135": {
    "name": "Belgrade",
    "latitude": 44.81779861450195,
    "longitude": 20.456899642944336,
    "country_name": "Serbia"
  },
  "136": {
    "name": "Bratislava",
    "latitude": 48.15169906616211,
    "longitude": 17.10930061340332,
    "country_name": "Slovakia"
  },
  "137": {
    "name": "Bordeaux",
    "latitude": 44.84120178222656,
    "longitude": -0.5799999833106995,
    "country_name": "France"
  },
  "139": {
    "name": "Brno",
    "latitude": 49.19219970703125,
    "longitude": 16.611299514770508,
    "country_name": "Czech Republic"
  },
  "140": {
    "name": "Basel",
    "latitude": 47.558101654052734,
    "longitude": 7.587800025939941,
    "country_name": "Switzerland"
  },
  "141": {
    "name": "Bern",
    "latitude": 46.948299407958984,
    "longitude": 7.451499938964844,
    "country_name": "Switzerland"
  },
  "142": {
    "name": "Cardiff",
    "latitude": 51.4817008972168,
    "longitude": -3.1791999340057373,
    "country_name": "United Kingdom"
  },
  "145": {
    "name": "Cologne",
    "latitude": 50.93840026855469,
    "longitude": 6.960000038146973,
    "country_name": "Germany"
  },
  "146": {
    "name": "Corfu",
    "latitude": 39.59130096435547,
    "longitude": 19.859600067138672,
    "country_name": "Greece"
  },
  "147": {
    "name": "Copenhagen",
    "latitude": 55.68669891357422,
    "longitude": 12.570099830627441,
    "country_name": "Denmark"
  },
  "150": {
    "name": "Cork",
    "latitude": 51.897098541259766,
    "longitude": -8.465499877929688,
    "country_name": "Ireland"
  },
  "151": {
    "name": "Cagliari",
    "latitude": 39.217201232910156,
    "longitude": 9.113300323486328,
    "country_name": "Italy"
  },
  "152": {
    "name": "Catania",
    "latitude": 37.50239944458008,
    "longitude": 15.087400436401367,
    "country_name": "Italy"
  },
  "153": {
    "name": "Cluj-Napoca",
    "latitude": 46.76940155029297,
    "longitude": 23.59000015258789,
    "country_name": "Romania"
  },
  "154": {
    "name": "Clermont-Ferrand",
    "latitude": 45.77750015258789,
    "longitude": 3.081899881362915,
    "country_name": "France"
  },
  "155": {
    "name": "Chambery",
    "latitude": 45.56629943847656,
    "longitude": 5.920400142669678,
    "country_name": "France"
  },
  "156": {
    "name": "Cherbourg",
    "latitude": 49.64250183105469,
    "longitude": -1.625,
    "country_name": "France"
  },
  "158": {
    "name": "Doncaster",
    "latitude": 53.52280044555664,
    "longitude": -1.1334999799728394,
    "country_name": "United Kingdom"
  },
  "159": {
    "name": "Dortmund",
    "latitude": 51.514198303222656,
    "longitude": 7.4653000831604,
    "country_name": "Germany"
  },
  "160": {
    "name": "Dresden",
    "latitude": 51.04930114746094,
    "longitude": 13.738100051879883,
    "country_name": "Germany"
  },
  "161": {
    "name": "Dusseldorf",
    "latitude": 51.225399017333984,
    "longitude": 6.776299953460693,
    "country_name": "Germany"
  },
  "162": {
    "name": "Dublin",
    "latitude": 53.34980010986328,
    "longitude": -6.260300159454346,
    "country_name": "Ireland"
  },
  "163": {
    "name": "Dalaman",
    "latitude": 36.812599182128906,
    "longitude": 28.879899978637695,
    "country_name": "Turkey"
  },
  "164": {
    "name": "Dubrovnik",
    "latitude": 42.64870071411133,
    "longitude": 18.09469985961914,
    "country_name": "Croatia"
  },
  "165": {
    "name": "East Midlands",
    "latitude": 52.796600341796875,
    "longitude": -0.6718000173568726,
    "country_name": "United Kingdom"
  },
  "166": {
    "name": "Edinburgh",
    "latitude": 55.95330047607422,
    "longitude": -3.1884000301361084,
    "country_name": "United Kingdom"
  },
  "167": {
    "name": "Exeter",
    "latitude": 50.72560119628906,
    "longitude": -3.526900053024292,
    "country_name": "United Kingdom"
  },
  "169": {
    "name": "Esbjerg",
    "latitude": 55.46649932861328,
    "longitude": 8.452099800109863,
    "country_name": "Denmark"
  },
  "171": {
    "name": "Eilat",
    "latitude": 29.556900024414062,
    "longitude": 34.949798583984375,
    "country_name": "Israel"
  },
  "172": {
    "name": "Eindhoven",
    "latitude": 51.44860076904297,
    "longitude": 5.450099945068359,
    "country_name": "Netherlands"
  },
  "174": {
    "name": "Frankfurt",
    "latitude": 50.110599517822266,
    "longitude": 8.682100296020508,
    "country_name": "Germany"
  },
  "175": {
    "name": "Friedrichshafen",
    "latitude": 47.650001525878906,
    "longitude": 9.48009967803955,
    "country_name": "Germany"
  },
  "176": {
    "name": "Fuerteventura",
    "latitude": 28.400400161743164,
    "longitude": -14.004899978637695,
    "country_name": "Spain"
  },
  "177": {
    "name": "Florence",
    "latitude": 43.769901275634766,
    "longitude": 11.255599975585938,
    "country_name": "Italy"
  },
  "178": {
    "name": "Floro",
    "latitude": 61.60029983520508,
    "longitude": 5.034999847412109,
    "country_name": "Norway"
  },
  "179": {
    "name": "Faro",
    "latitude": 37.016300201416016,
    "longitude": -7.935200214385986,
    "country_name": "Portugal"
  },
  "180": {
    "name": "Funchal",
    "latitude": 32.649600982666016,
    "longitude": -16.908700942993164,
    "country_name": "Portugal"
  },
  "181": {
    "name": "Graz",
    "latitude": 47.070899963378906,
    "longitude": 15.438300132751465,
    "country_name": "Austria"
  },
  "183": {
    "name": "Guernsey",
    "latitude": 57.16699981689453,
    "longitude": -7.37470006942749,
    "country_name": "United Kingdom"
  },
  "184": {
    "name": "Glasgow",
    "latitude": 55.860599517822266,
    "longitude": -4.249800205230713,
    "country_name": "United Kingdom"
  },
  "186": {
    "name": "Granada",
    "latitude": 37.173500061035156,
    "longitude": -3.5994999408721924,
    "country_name": "Spain"
  },
  "187": {
    "name": "Girona",
    "latitude": 41.97930145263672,
    "longitude": 2.8199000358581543,
    "country_name": "Spain"
  },
  "189": {
    "name": "Genoa",
    "latitude": 44.40729904174805,
    "longitude": 8.933899879455566,
    "country_name": "Italy"
  },
  "190": {
    "name": "Groningen",
    "latitude": 53.21910095214844,
    "longitude": 6.567999839782715,
    "country_name": "Netherlands"
  },
  "191": {
    "name": "Gdansk",
    "latitude": 54.37070083618164,
    "longitude": 18.613000869750977,
    "country_name": "Poland"
  },
  "192": {
    "name": "Geneva",
    "latitude": 46.20180130004883,
    "longitude": 6.146599769592285,
    "country_name": "Switzerland"
  },
  "193": {
    "name": "Gothenburg",
    "latitude": 57.70719909667969,
    "longitude": 11.967000007629395,
    "country_name": "Sweden"
  },
  "194": {
    "name": "Humberside",
    "latitude": 51.23789978027344,
    "longitude": -0.741100013256073,
    "country_name": "United Kingdom"
  },
  "196": {
    "name": "Hamburg",
    "latitude": 53.55030059814453,
    "longitude": 10.000699996948242,
    "country_name": "Germany"
  },
  "197": {
    "name": "Hannover",
    "latitude": 52.3745002746582,
    "longitude": 9.73859977722168,
    "country_name": "Germany"
  },
  "200": {
    "name": "Heraklion",
    "latitude": 35.3390998840332,
    "longitude": 25.13330078125,
    "country_name": "Greece"
  },
  "201": {
    "name": "Helsinki",
    "latitude": 60.16749954223633,
    "longitude": 24.942699432373047,
    "country_name": "Finland"
  },
  "202": {
    "name": "Innsbruck",
    "latitude": 47.26539993286133,
    "longitude": 11.392800331115723,
    "country_name": "Austria"
  },
  "203": {
    "name": "Inverness",
    "latitude": 57.479000091552734,
    "longitude": -4.2256999015808105,
    "country_name": "United Kingdom"
  },
  "204": {
    "name": "Debrecen",
    "latitude": 47.53139877319336,
    "longitude": 21.625999450683594,
    "country_name": "Hungary"
  },
  "205": {
    "name": "Ibiza",
    "latitude": 38.97439956665039,
    "longitude": 1.419700026512146,
    "country_name": "Spain"
  },
  "206": {
    "name": "Izmir",
    "latitude": 38.42250061035156,
    "longitude": 27.131099700927734,
    "country_name": "Turkey"
  },
  "207": {
    "name": "Istanbul",
    "latitude": 41.00920104980469,
    "longitude": 28.96619987487793,
    "country_name": "Turkey"
  },
  "208": {
    "name": "Jonkoping",
    "latitude": 57.78260040283203,
    "longitude": 14.16569995880127,
    "country_name": "Sweden"
  },
  "209": {
    "name": "Klagenfurt",
    "latitude": 46.6239013671875,
    "longitude": 14.307600021362305,
    "country_name": "Austria"
  },
  "210": {
    "name": "Karlsruhe",
    "latitude": 49.006900787353516,
    "longitude": 8.403400421142578,
    "country_name": "Germany"
  },
  "211": {
    "name": "Kortrijk",
    "latitude": 50.827598571777344,
    "longitude": 3.2660000324249268,
    "country_name": "Belgium"
  },
  "212": {
    "name": "Kaunas",
    "latitude": 54.89820098876953,
    "longitude": 23.904499053955078,
    "country_name": "Lithuania"
  },
  "213": {
    "name": "Katowice",
    "latitude": 50.2598991394043,
    "longitude": 19.0216007232666,
    "country_name": "Poland"
  },
  "214": {
    "name": "Krakow",
    "latitude": 50.0619010925293,
    "longitude": 19.936899185180664,
    "country_name": "Poland"
  },
  "215": {
    "name": "Kosice",
    "latitude": 48.717201232910156,
    "longitude": 21.24970054626465,
    "country_name": "Slovakia"
  },
  "216": {
    "name": "Karlovy Vary",
    "latitude": 50.23059844970703,
    "longitude": 12.870100021362305,
    "country_name": "Czech Republic"
  },
  "217": {
    "name": "Karlstad",
    "latitude": 59.38090133666992,
    "longitude": 13.502799987792969,
    "country_name": "Sweden"
  },
  "218": {
    "name": "Kuressaare",
    "latitude": 58.25279998779297,
    "longitude": 22.484899520874023,
    "country_name": "Estonia"
  },
  "219": {
    "name": "Linz",
    "latitude": 48.30590057373047,
    "longitude": 14.286199569702148,
    "country_name": "Austria"
  },
  "220": {
    "name": "Liege",
    "latitude": 50.64509963989258,
    "longitude": 5.573599815368652,
    "country_name": "Belgium"
  },
  "222": {
    "name": "Liverpool",
    "latitude": 53.40719985961914,
    "longitude": -2.9916999340057373,
    "country_name": "United Kingdom"
  },
  "224": {
    "name": "Leeds",
    "latitude": 53.797401428222656,
    "longitude": -1.5437999963760376,
    "country_name": "United Kingdom"
  },
  "225": {
    "name": "London",
    "latitude": 51.507301330566406,
    "longitude": -0.12770000100135803,
    "country_name": "United Kingdom"
  },
  "227": {
    "name": "Lanzarote",
    "latitude": 29.03969955444336,
    "longitude": -13.636300086975098,
    "country_name": "Spain"
  },
  "228": {
    "name": "Las Palmas de Gran Canaria",
    "latitude": 28.1289005279541,
    "longitude": -15.434900283813477,
    "country_name": "Spain"
  },
  "230": {
    "name": "Lamezia Terme",
    "latitude": 38.964500427246094,
    "longitude": 16.302099227905273,
    "country_name": "Italy"
  },
  "231": {
    "name": "Larnaca",
    "latitude": 34.92359924316406,
    "longitude": 33.623600006103516,
    "country_name": "Cyprus"
  },
  "232": {
    "name": "Liepaja",
    "latitude": 56.504798889160156,
    "longitude": 21.007099151611328,
    "country_name": "Latvia"
  },
  "233": {
    "name": "Luxembourg",
    "latitude": 49.61130142211914,
    "longitude": 6.129799842834473,
    "country_name": "Luxembourg"
  },
  "235": {
    "name": "Lisbon",
    "latitude": 38.707801818847656,
    "longitude": -9.13659954071045,
    "country_name": "Portugal"
  },
  "236": {
    "name": "Ljubljana",
    "latitude": 46.04999923706055,
    "longitude": 14.5068998336792,
    "country_name": "Slovenia"
  },
  "237": {
    "name": "Lappeenranta",
    "latitude": 61.05839920043945,
    "longitude": 28.18630027770996,
    "country_name": "Finland"
  },
  "239": {
    "name": "Lille",
    "latitude": 50.636600494384766,
    "longitude": 3.063499927520752,
    "country_name": "France"
  },
  "240": {
    "name": "Lyon",
    "latitude": 45.7578010559082,
    "longitude": 4.831999778747559,
    "country_name": "France"
  },
  "241": {
    "name": "Lugano",
    "latitude": 46.005001068115234,
    "longitude": 8.95199966430664,
    "country_name": "Switzerland"
  },
  "242": {
    "name": "Lulea",
    "latitude": 65.58309936523438,
    "longitude": 22.145999908447266,
    "country_name": "Sweden"
  },
  "243": {
    "name": "Manchester",
    "latitude": 53.47949981689453,
    "longitude": -2.2451000213623047,
    "country_name": "United Kingdom"
  },
  "244": {
    "name": "Mannheim",
    "latitude": 49.48929977416992,
    "longitude": 8.467300415039062,
    "country_name": "Germany"
  },
  "245": {
    "name": "Memmingen",
    "latitude": 47.98680114746094,
    "longitude": 10.181300163269043,
    "country_name": "Germany"
  },
  "246": {
    "name": "Munster",
    "latitude": 51.962501525878906,
    "longitude": 7.625199794769287,
    "country_name": "Germany"
  },
  "247": {
    "name": "Munich",
    "latitude": 48.13710021972656,
    "longitude": 11.575400352478027,
    "country_name": "Germany"
  },
  "248": {
    "name": "Madrid",
    "latitude": 40.41669845581055,
    "longitude": -3.7035999298095703,
    "country_name": "Spain"
  },
  "249": {
    "name": "Malaga",
    "latitude": 36.72129821777344,
    "longitude": -4.421599864959717,
    "country_name": "Spain"
  },
  "250": {
    "name": "Mahon",
    "latitude": 39.88949966430664,
    "longitude": 4.266200065612793,
    "country_name": "Ireland"
  },
  "251": {
    "name": "Murcia",
    "latitude": 37.992401123046875,
    "longitude": -1.1304999589920044,
    "country_name": "Spain"
  },
  "252": {
    "name": "Milan",
    "latitude": 45.46419906616211,
    "longitude": 9.189599990844727,
    "country_name": "Italy"
  },
  "253": {
    "name": "Malta",
    "latitude": 35.88859939575195,
    "longitude": 14.447699546813965,
    "country_name": "Malta"
  },
  "255": {
    "name": "Maastricht",
    "latitude": 50.858001708984375,
    "longitude": 5.697000026702881,
    "country_name": "Netherlands"
  },
  "257": {
    "name": "Milas",
    "latitude": 37.274200439453125,
    "longitude": 27.777999877929688,
    "country_name": "Turkey"
  },
  "259": {
    "name": "Marseille",
    "latitude": 43.296199798583984,
    "longitude": 5.369999885559082,
    "country_name": "France"
  },
  "260": {
    "name": "Metz",
    "latitude": 49.11970138549805,
    "longitude": 6.176400184631348,
    "country_name": "France"
  },
  "261": {
    "name": "Montpellier",
    "latitude": 43.61119842529297,
    "longitude": 3.876699924468994,
    "country_name": "France"
  },
  "262": {
    "name": "Malmö",
    "latitude": 55.60530090332031,
    "longitude": 13.000200271606445,
    "country_name": "Sweden"
  },
  "263": {
    "name": "Norwich",
    "latitude": 52.62860107421875,
    "longitude": 1.2924000024795532,
    "country_name": "United Kingdom"
  },
  "264": {
    "name": "Newcastle",
    "latitude": 54.97380065917969,
    "longitude": -1.6131999492645264,
    "country_name": "United Kingdom"
  },
  "265": {
    "name": "Newquay",
    "latitude": 50.41339874267578,
    "longitude": -5.08489990234375,
    "country_name": "United Kingdom"
  },
  "266": {
    "name": "Nuremberg",
    "latitude": 49.45389938354492,
    "longitude": 11.077300071716309,
    "country_name": "Germany"
  },
  "267": {
    "name": "Naples",
    "latitude": 40.835899353027344,
    "longitude": 14.248800277709961,
    "country_name": "Italy"
  },
  "268": {
    "name": "Constanta",
    "latitude": 44.176700592041016,
    "longitude": 28.650800704956055,
    "country_name": "Romania"
  },
  "269": {
    "name": "Nantes",
    "latitude": 47.21860122680664,
    "longitude": -1.5541000366210938,
    "country_name": "France"
  },
  "270": {
    "name": "Nice",
    "latitude": 43.70090103149414,
    "longitude": 7.268400192260742,
    "country_name": "France"
  },
  "271": {
    "name": "Norrkoping",
    "latitude": 58.59090042114258,
    "longitude": 16.190399169921875,
    "country_name": "Sweden"
  },
  "272": {
    "name": "Ostend",
    "latitude": 51.22589874267578,
    "longitude": 2.9195001125335693,
    "country_name": "Belgium"
  },
  "273": {
    "name": "Alderney",
    "latitude": 50.74610137939453,
    "longitude": -1.9420000314712524,
    "country_name": "United Kingdom"
  },
  "274": {
    "name": "Oviedo",
    "latitude": 43.36040115356445,
    "longitude": -5.845099925994873,
    "country_name": "Spain"
  },
  "275": {
    "name": "Olbia",
    "latitude": 40.923301696777344,
    "longitude": 9.502699851989746,
    "country_name": "Italy"
  },
  "276": {
    "name": "Ohrid",
    "latitude": 41.117000579833984,
    "longitude": 20.801700592041016,
    "country_name": "North Macedonia"
  },
  "277": {
    "name": "Oslo",
    "latitude": 59.913299560546875,
    "longitude": 10.73900032043457,
    "country_name": "Norway"
  },
  "279": {
    "name": "Ostrava",
    "latitude": 49.83489990234375,
    "longitude": 18.281999588012695,
    "country_name": "Czech Republic"
  },
  "280": {
    "name": "Plovdiv",
    "latitude": 42.14189910888672,
    "longitude": 24.749900817871094,
    "country_name": "Bulgaria"
  },
  "281": {
    "name": "Plymouth",
    "latitude": 50.371299743652344,
    "longitude": -4.142600059509277,
    "country_name": "United Kingdom"
  },
  "282": {
    "name": "Paderborn",
    "latitude": 51.71900177001953,
    "longitude": 8.764900207519531,
    "country_name": "Germany"
  },
  "283": {
    "name": "Rostock",
    "latitude": 54.09239959716797,
    "longitude": 12.128600120544434,
    "country_name": "Germany"
  },
  "284": {
    "name": "Palma de Mallorca",
    "latitude": 39.56959915161133,
    "longitude": 2.650099992752075,
    "country_name": "Spain"
  },
  "285": {
    "name": "Palermo",
    "latitude": 38.11119842529297,
    "longitude": 13.352399826049805,
    "country_name": "Italy"
  },
  "286": {
    "name": "Pescara",
    "latitude": 42.310298919677734,
    "longitude": 13.957599639892578,
    "country_name": "Italy"
  },
  "287": {
    "name": "Pisa",
    "latitude": 43.71590042114258,
    "longitude": 10.401900291442871,
    "country_name": "Italy"
  },
  "288": {
    "name": "Paphos",
    "latitude": 34.77439880371094,
    "longitude": 32.42319869995117,
    "country_name": "Cyprus"
  },
  "289": {
    "name": "Palanga",
    "latitude": 55.92300033569336,
    "longitude": 21.068300247192383,
    "country_name": "Lithuania"
  },
  "290": {
    "name": "Ponta Delgada",
    "latitude": 37.74760055541992,
    "longitude": -25.672700881958008,
    "country_name": "Portugal"
  },
  "291": {
    "name": "Porto",
    "latitude": 41.14950180053711,
    "longitude": -8.610799789428711,
    "country_name": "Portugal"
  },
  "292": {
    "name": "Poprad",
    "latitude": 49.05419921875,
    "longitude": 20.29759979248047,
    "country_name": "Slovakia"
  },
  "293": {
    "name": "Paris",
    "latitude": 48.8588981628418,
    "longitude": 2.319999933242798,
    "country_name": "France"
  },
  "294": {
    "name": "Pula",
    "latitude": 44.870201110839844,
    "longitude": 13.845499992370605,
    "country_name": "Croatia"
  },
  "295": {
    "name": "Podgorica",
    "latitude": 42.44150161743164,
    "longitude": 19.262100219726562,
    "country_name": "Montenegro"
  },
  "296": {
    "name": "Pardubice",
    "latitude": 50.03860092163086,
    "longitude": 15.77910041809082,
    "country_name": "Czech Republic"
  },
  "297": {
    "name": "Prague",
    "latitude": 50.087501525878906,
    "longitude": 14.421299934387207,
    "country_name": "Czech Republic"
  },
  "299": {
    "name": "Rhodes",
    "latitude": 36.17259979248047,
    "longitude": 27.91939926147461,
    "country_name": "Greece"
  },
  "300": {
    "name": "Reykjavik",
    "latitude": 64.14600372314453,
    "longitude": -21.94219970703125,
    "country_name": "Iceland"
  },
  "301": {
    "name": "Reus",
    "latitude": 41.155601501464844,
    "longitude": 1.1075999736785889,
    "country_name": "Spain"
  },
  "302": {
    "name": "Rijeka",
    "latitude": 45.32680130004883,
    "longitude": 14.44219970703125,
    "country_name": "Croatia"
  },
  "303": {
    "name": "Rome",
    "latitude": 41.8932991027832,
    "longitude": 12.48289966583252,
    "country_name": "Italy"
  },
  "304": {
    "name": "Rimini",
    "latitude": 43.94710159301758,
    "longitude": 12.630800247192383,
    "country_name": "Italy"
  },
  "305": {
    "name": "Riga",
    "latitude": 56.94940185546875,
    "longitude": 24.105199813842773,
    "country_name": "Latvia"
  },
  "306": {
    "name": "Rotterdam",
    "latitude": 51.924400329589844,
    "longitude": 4.477799892425537,
    "country_name": "Netherlands"
  },
  "307": {
    "name": "Ronneby",
    "latitude": 56.29999923706055,
    "longitude": 15.283300399780273,
    "country_name": "Sweden"
  },
  "308": {
    "name": "Salzburg",
    "latitude": 47.798099517822266,
    "longitude": 13.046500205993652,
    "country_name": "Austria"
  },
  "309": {
    "name": "Sofia",
    "latitude": 42.69770050048828,
    "longitude": 23.321699142456055,
    "country_name": "Bulgaria"
  },
  "310": {
    "name": "Sarajevo",
    "latitude": 43.85200119018555,
    "longitude": 18.386699676513672,
    "country_name": "Bosnia and Herzegovina"
  },
  "311": {
    "name": "Southampton",
    "latitude": 50.90250015258789,
    "longitude": -1.4041999578475952,
    "country_name": "United Kingdom"
  },
  "312": {
    "name": "Swansea",
    "latitude": 51.619598388671875,
    "longitude": -3.9458999633789062,
    "country_name": "United Kingdom"
  },
  "314": {
    "name": "Poznan",
    "latitude": 52.400699615478516,
    "longitude": 16.919700622558594,
    "country_name": "Poland"
  },
  "315": {
    "name": "Saarbrucken",
    "latitude": 49.23440170288086,
    "longitude": 6.996399879455566,
    "country_name": "Germany"
  },
  "316": {
    "name": "Stuttgart",
    "latitude": 48.77840042114258,
    "longitude": 9.180000305175781,
    "country_name": "Germany"
  },
  "317": {
    "name": "Thira",
    "latitude": 36.41490173339844,
    "longitude": 25.4325008392334,
    "country_name": "Greece"
  },
  "318": {
    "name": "Shannon",
    "latitude": 52.70930099487305,
    "longitude": -8.876899719238281,
    "country_name": "Ireland"
  },
  "319": {
    "name": "Salamanca",
    "latitude": 40.9651985168457,
    "longitude": -5.664000034332275,
    "country_name": "Spain"
  },
  "320": {
    "name": "Santiago de Compostela",
    "latitude": 42.880401611328125,
    "longitude": -8.545900344848633,
    "country_name": "Spain"
  },
  "321": {
    "name": "Sevilla",
    "latitude": 37.38859939575195,
    "longitude": -5.995299816131592,
    "country_name": "Spain"
  },
  "323": {
    "name": "Skopje",
    "latitude": 41.99620056152344,
    "longitude": 21.431900024414062,
    "country_name": "North Macedonia"
  },
  "325": {
    "name": "Stavanger",
    "latitude": 58.970001220703125,
    "longitude": 5.731800079345703,
    "country_name": "Norway"
  },
  "326": {
    "name": "Strasbourg",
    "latitude": 48.584598541259766,
    "longitude": 7.750699996948242,
    "country_name": "France"
  },
  "327": {
    "name": "Split",
    "latitude": 43.511600494384766,
    "longitude": 16.440000534057617,
    "country_name": "Croatia"
  },
  "329": {
    "name": "Stockholm",
    "latitude": 59.32509994506836,
    "longitude": 18.07110023498535,
    "country_name": "Sweden"
  },
  "330": {
    "name": "Tirana",
    "latitude": 41.330501556396484,
    "longitude": 19.825599670410156,
    "country_name": "Albania"
  },
  "331": {
    "name": "Thessaloniki",
    "latitude": 40.64030075073242,
    "longitude": 22.935300827026367,
    "country_name": "Greece"
  },
  "332": {
    "name": "Tenerife",
    "latitude": 28.29360008239746,
    "longitude": -16.621400833129883,
    "country_name": "Spain"
  },
  "334": {
    "name": "Trieste",
    "latitude": 45.649600982666016,
    "longitude": 13.777299880981445,
    "country_name": "Italy"
  },
  "335": {
    "name": "Turin",
    "latitude": 45.06779861450195,
    "longitude": 7.682499885559082,
    "country_name": "Italy"
  },
  "336": {
    "name": "Tel-Aviv",
    "latitude": 32.08530044555664,
    "longitude": 34.78179931640625,
    "country_name": "Israel"
  },
  "337": {
    "name": "Terceira",
    "latitude": 38.72119903564453,
    "longitude": -27.217599868774414,
    "country_name": "Portugal"
  },
  "338": {
    "name": "Timisoara",
    "latitude": 45.75379943847656,
    "longitude": 21.22570037841797,
    "country_name": "Romania"
  },
  "339": {
    "name": "Trabzon",
    "latitude": 41.00619888305664,
    "longitude": 39.725799560546875,
    "country_name": "Turkey"
  },
  "340": {
    "name": "Tampere",
    "latitude": 61.49800109863281,
    "longitude": 23.760299682617188,
    "country_name": "Finland"
  },
  "341": {
    "name": "Turku",
    "latitude": 60.45180130004883,
    "longitude": 22.267099380493164,
    "country_name": "Finland"
  },
  "342": {
    "name": "Toulouse",
    "latitude": 43.60449981689453,
    "longitude": 1.444200038909912,
    "country_name": "France"
  },
  "343": {
    "name": "Tivat",
    "latitude": 42.43040084838867,
    "longitude": 18.69879913330078,
    "country_name": "Montenegro"
  },
  "345": {
    "name": "Tallinn",
    "latitude": 59.437198638916016,
    "longitude": 24.745399475097656,
    "country_name": "Estonia"
  },
  "346": {
    "name": "Tartu",
    "latitude": 58.38010025024414,
    "longitude": 26.722400665283203,
    "country_name": "Estonia"
  },
  "347": {
    "name": "Umea",
    "latitude": 63.82569885253906,
    "longitude": 20.263099670410156,
    "country_name": "Sweden"
  },
  "348": {
    "name": "Vienna",
    "latitude": 48.20840072631836,
    "longitude": 16.372499465942383,
    "country_name": "Austria"
  },
  "349": {
    "name": "Varna",
    "latitude": 43.207401275634766,
    "longitude": 27.91670036315918,
    "country_name": "Bulgaria"
  },
  "351": {
    "name": "Valencia",
    "latitude": 39.46969985961914,
    "longitude": -0.37630000710487366,
    "country_name": "Spain"
  },
  "352": {
    "name": "Valladolid",
    "latitude": 41.652099609375,
    "longitude": -4.728600025177002,
    "country_name": "Spain"
  },
  "353": {
    "name": "Venice",
    "latitude": 45.437198638916016,
    "longitude": 12.334600448608398,
    "country_name": "Italy"
  },
  "354": {
    "name": "Verona",
    "latitude": 45.438499450683594,
    "longitude": 10.992400169372559,
    "country_name": "Italy"
  },
  "356": {
    "name": "Vilnius",
    "latitude": 54.6870002746582,
    "longitude": 25.282899856567383,
    "country_name": "Lithuania"
  },
  "357": {
    "name": "Iasi",
    "latitude": 47.1614990234375,
    "longitude": 27.58370018005371,
    "country_name": "Romania"
  },
  "358": {
    "name": "Vaxjo",
    "latitude": 56.878700256347656,
    "longitude": 14.809399604797363,
    "country_name": "Sweden"
  },
  "359": {
    "name": "Visby",
    "latitude": 57.637901306152344,
    "longitude": 18.29800033569336,
    "country_name": "Sweden"
  },
  "362": {
    "name": "Westerland",
    "latitude": 54.90650177001953,
    "longitude": 8.30720043182373,
    "country_name": "Germany"
  },
  "364": {
    "name": "Warsaw",
    "latitude": 52.231998443603516,
    "longitude": 21.00670051574707,
    "country_name": "Poland"
  },
  "365": {
    "name": "Wroclaw",
    "latitude": 51.10900115966797,
    "longitude": 17.032699584960938,
    "country_name": "Poland"
  },
  "366": {
    "name": "Zweibrücken",
    "latitude": 49.24869918823242,
    "longitude": 7.364200115203857,
    "country_name": "Germany"
  },
  "367": {
    "name": "Zaragoza",
    "latitude": 41.652099609375,
    "longitude": -0.8809000253677368,
    "country_name": "Spain"
  },
  "368": {
    "name": "Zagreb",
    "latitude": 45.84260177612305,
    "longitude": 15.962200164794922,
    "country_name": "Croatia"
  },
  "369": {
    "name": "Zadar",
    "latitude": 44.11690139770508,
    "longitude": 15.235300064086914,
    "country_name": "Croatia"
  },
  "370": {
    "name": "Zürich",
    "latitude": 47.3744010925293,
    "longitude": 8.541000366210938,
    "country_name": "Switzerland"
  },
  "371": {
    "name": "Chisinau",
    "latitude": 47.02450180053711,
    "longitude": 28.832300186157227,
    "country_name": "Moldova"
  },
  "546": {
    "name": "Pristina",
    "latitude": 42.66389846801758,
    "longitude": 21.164100646972656,
    "country_name": "Kosovo"
  },
  "547": {
    "name": "Thimphu",
    "latitude": 27.471399307250977,
    "longitude": 89.63369750976562,
    "country_name": "Bhutan"
  },
  "548": {
    "name": "Ulaanbaatar",
    "latitude": 47.91849899291992,
    "longitude": 106.9177017211914,
    "country_name": "Mongolia"
  },
  "550": {
    "name": "Agartala",
    "latitude": 23.831199645996094,
    "longitude": 91.28240203857422,
    "country_name": "India"
  },
  "551": {
    "name": "Agra",
    "latitude": 27.17530059814453,
    "longitude": 78.00980377197266,
    "country_name": "India"
  },
  "552": {
    "name": "Ahmedabad",
    "latitude": 23.0216007232666,
    "longitude": 72.57969665527344,
    "country_name": "India"
  },
  "553": {
    "name": "Aizawl",
    "latitude": 23.743499755859375,
    "longitude": 92.73829650878906,
    "country_name": "India"
  },
  "554": {
    "name": "Allahabad",
    "latitude": 25.438100814819336,
    "longitude": 81.83380126953125,
    "country_name": "India"
  },
  "626": {
    "name": "Thiruvananthapuram",
    "latitude": 8.488200187683105,
    "longitude": 76.94760131835938,
    "country_name": "India"
  },
  "663": {
    "name": "Chicago",
    "latitude": 41.8755989074707,
    "longitude": -87.62439727783203,
    "country_name": "USA"
  }
}